split,policy,graph_id,family,size_label,n,m,initial_score,final_score,improvement,actions
val,no_change,val__erdos_renyi__small__idx0000__seed202026,erdos_renyi,small,14,36,0.4894879545879587,0.6380802431442849,0.14859228855632622,no_change | no_change | no_change | no_change | no_change
val,random,val__erdos_renyi__small__idx0000__seed202026,erdos_renyi,small,14,36,0.4894879545879587,0.6366089018400225,0.14712094725206382,reheat_layout | expand_and_explore | large_decrease_cooling_rate | no_change | large_increase_k
val,fixed::expand_and_explore,val__erdos_renyi__small__idx0000__seed202026,erdos_renyi,small,14,36,0.4894879545879587,0.6392097172038194,0.14972176261586068,expand_and_explore | expand_and_explore | expand_and_explore | expand_and_explore | expand_and_explore
val,ppo,val__erdos_renyi__small__idx0000__seed202026,erdos_renyi,small,14,36,0.4894879545879587,0.6425078214919159,0.1530198669039572,reset_cooling_rate_to_default | reset_cooling_rate_to_default | large_increase_k | large_increase_k | large_increase_k
val,no_change,val__erdos_renyi__small__idx0001__seed202027,erdos_renyi,small,23,33,0.4990834921179496,0.7123772268907718,0.21329373477282215,no_change | no_change | no_change | no_change | no_change
val,random,val__erdos_renyi__small__idx0001__seed202027,erdos_renyi,small,23,33,0.4990834921179496,0.7123184199741545,0.21323492785620485,large_decrease_k | reset_cooling_rate_to_default | small_decrease_k | small_increase_k | large_increase_temperature
val,fixed::expand_and_explore,val__erdos_renyi__small__idx0001__seed202027,erdos_renyi,small,23,33,0.4990834921179496,0.7225361863937145,0.22345269427576492,expand_and_explore | expand_and_explore | expand_and_explore | expand_and_explore | expand_and_explore
val,ppo,val__erdos_renyi__small__idx0001__seed202027,erdos_renyi,small,23,33,0.4990834921179496,0.7203213165646649,0.2212378244467153,reset_cooling_rate_to_default | reheat_layout | no_change | large_increase_k | large_increase_k
val,no_change,val__erdos_renyi__small__idx0002__seed202028,erdos_renyi,small,30,47,0.5297743839954306,0.6752454170453973,0.14547103304996667,no_change | no_change | no_change | no_change | no_change
val,random,val__erdos_renyi__small__idx0002__seed202028,erdos_renyi,small,30,47,0.5297743839954306,0.6764546593249987,0.14668027532956807,large_increase_temperature | large_increase_k | cool_down_layout | small_decrease_k | reheat_layout
val,fixed::expand_and_explore,val__erdos_renyi__small__idx0002__seed202028,erdos_renyi,small,30,47,0.5297743839954306,0.6881555761367497,0.15838119214131907,expand_and_explore | expand_and_explore | expand_and_explore | expand_and_explore | expand_and_explore
val,ppo,val__erdos_renyi__small__idx0002__seed202028,erdos_renyi,small,30,47,0.5297743839954306,0.6938612646138484,0.1640868806184178,reset_cooling_rate_to_default | reheat_layout | no_change | large_increase_k | large_increase_k
test_seen,no_change,test_seen__erdos_renyi__small__idx0000__seed302026,erdos_renyi,small,11,29,0.4804604756935109,0.6822275500268365,0.20176707433332564,no_change | no_change | no_change | no_change | no_change
test_seen,random,test_seen__erdos_renyi__small__idx0000__seed302026,erdos_renyi,small,11,29,0.4804604756935109,0.6351502674561309,0.15468979176262,reheat_layout | expand_and_explore | large_decrease_cooling_rate | no_change | large_increase_k
test_seen,fixed::small_increase_cooling_rate,test_seen__erdos_renyi__small__idx0000__seed302026,erdos_renyi,small,11,29,0.4804604756935109,0.6810857456909334,0.20062526999742247,small_increase_cooling_rate | small_increase_cooling_rate | small_increase_cooling_rate | small_increase_cooling_rate | small_increase_cooling_rate
test_seen,ppo,test_seen__erdos_renyi__small__idx0000__seed302026,erdos_renyi,small,11,29,0.4804604756935109,0.6805077136403722,0.2000472379468613,reset_cooling_rate_to_default | no_change | no_change | large_increase_k | large_increase_k
test_seen,no_change,test_seen__erdos_renyi__small__idx0001__seed302027,erdos_renyi,small,29,54,0.548297949485319,0.6489679100779813,0.10066996059266231,no_change | no_change | no_change | no_change | no_change
test_seen,random,test_seen__erdos_renyi__small__idx0001__seed302027,erdos_renyi,small,29,54,0.548297949485319,0.6550346833613497,0.10673673387603078,large_decrease_k | reset_cooling_rate_to_default | small_decrease_k | small_increase_k | large_increase_temperature
test_seen,fixed::small_increase_cooling_rate,test_seen__erdos_renyi__small__idx0001__seed302027,erdos_renyi,small,29,54,0.548297949485319,0.6560537385035631,0.10775578901824412,small_increase_cooling_rate | small_increase_cooling_rate | small_increase_cooling_rate | small_increase_cooling_rate | small_increase_cooling_rate
test_seen,ppo,test_seen__erdos_renyi__small__idx0001__seed302027,erdos_renyi,small,29,54,0.548297949485319,0.6647723407337547,0.11647439124843573,reset_cooling_rate_to_default | reset_cooling_rate_to_default | large_increase_k | large_increase_k | large_increase_k
test_seen,no_change,test_seen__erdos_renyi__small__idx0002__seed302028,erdos_renyi,small,27,65,0.5169878254846625,0.6396724956955606,0.12268467021089813,no_change | no_change | no_change | no_change | no_change
test_seen,random,test_seen__erdos_renyi__small__idx0002__seed302028,erdos_renyi,small,27,65,0.5169878254846625,0.6478195164433881,0.1308316909587256,large_increase_temperature | large_increase_k | cool_down_layout | small_decrease_k | reheat_layout
test_seen,fixed::small_increase_cooling_rate,test_seen__erdos_renyi__small__idx0002__seed302028,erdos_renyi,small,27,65,0.5169878254846625,0.652475632107139,0.1354878066224765,small_increase_cooling_rate | small_increase_cooling_rate | small_increase_cooling_rate | small_increase_cooling_rate | small_increase_cooling_rate
test_seen,ppo,test_seen__erdos_renyi__small__idx0002__seed302028,erdos_renyi,small,27,65,0.5169878254846625,0.6514840794564727,0.1344962539718102,reset_cooling_rate_to_default | no_change | large_increase_k | large_increase_k | large_increase_k
test_unseen_size,no_change,test_unseen_size__erdos_renyi__large__idx0000__seed402026,erdos_renyi,large,109,295,0.4732381595355745,0.5989458114118809,0.12570765187630634,no_change | no_change | no_change | no_change | no_change
test_unseen_size,random,test_unseen_size__erdos_renyi__large__idx0000__seed402026,erdos_renyi,large,109,295,0.4732381595355745,0.6042130731756702,0.13097491364009567,reheat_layout | expand_and_explore | large_decrease_cooling_rate | no_change | large_increase_k
test_unseen_size,fixed::large_increase_k,test_unseen_size__erdos_renyi__large__idx0000__seed402026,erdos_renyi,large,109,295,0.4732381595355745,0.6000592993845901,0.1268211398490156,large_increase_k | large_increase_k | large_increase_k | large_increase_k | large_increase_k
test_unseen_size,ppo,test_unseen_size__erdos_renyi__large__idx0000__seed402026,erdos_renyi,large,109,295,0.4732381595355745,0.6077267291163313,0.13448856958075678,reset_cooling_rate_to_default | large_increase_k | large_increase_k | large_increase_k | large_increase_k
test_unseen_size,no_change,test_unseen_size__erdos_renyi__large__idx0001__seed402027,erdos_renyi,large,102,258,0.4889367794264367,0.600059131550434,0.11112235212399729,no_change | no_change | no_change | no_change | no_change
test_unseen_size,random,test_unseen_size__erdos_renyi__large__idx0001__seed402027,erdos_renyi,large,102,258,0.4889367794264367,0.5991991189285321,0.11026233950209535,large_decrease_k | reset_cooling_rate_to_default | small_decrease_k | small_increase_k | large_increase_temperature
test_unseen_size,fixed::large_increase_k,test_unseen_size__erdos_renyi__large__idx0001__seed402027,erdos_renyi,large,102,258,0.4889367794264367,0.6018737117040078,0.11293693227757112,large_increase_k | large_increase_k | large_increase_k | large_increase_k | large_increase_k
test_unseen_size,ppo,test_unseen_size__erdos_renyi__large__idx0001__seed402027,erdos_renyi,large,102,258,0.4889367794264367,0.6151075281745687,0.126170748748132,reset_cooling_rate_to_default | reheat_layout | large_increase_k | large_increase_k | large_increase_k
test_unseen_size,no_change,test_unseen_size__erdos_renyi__large__idx0002__seed402028,erdos_renyi,large,141,484,0.47658013129759014,0.5830504788285084,0.10647034753091822,no_change | no_change | no_change | no_change | no_change
test_unseen_size,random,test_unseen_size__erdos_renyi__large__idx0002__seed402028,erdos_renyi,large,141,484,0.47658013129759014,0.5845907842617009,0.10801065296411072,large_increase_temperature | large_increase_k | cool_down_layout | small_decrease_k | reheat_layout
test_unseen_size,fixed::large_increase_k,test_unseen_size__erdos_renyi__large__idx0002__seed402028,erdos_renyi,large,141,484,0.47658013129759014,0.5860009012737537,0.10942076997616357,large_increase_k | large_increase_k | large_increase_k | large_increase_k | large_increase_k
test_unseen_size,ppo,test_unseen_size__erdos_renyi__large__idx0002__seed402028,erdos_renyi,large,141,484,0.47658013129759014,0.5906082821482632,0.11402815085067308,reset_cooling_rate_to_default | large_increase_k | large_increase_k | large_increase_k | large_increase_k
test_unseen_family,no_change,test_unseen_family__random_geometric__small__idx0000__seed502026,random_geometric,small,16,102,0.49668390879915825,0.5733264693296003,0.07664256053044205,no_change | no_change | no_change | no_change | no_change
test_unseen_family,random,test_unseen_family__random_geometric__small__idx0000__seed502026,random_geometric,small,16,102,0.49668390879915825,0.5808461141230775,0.08416220532391927,reheat_layout | expand_and_explore | large_decrease_cooling_rate | no_change | large_increase_k
test_unseen_family,fixed::large_increase_k,test_unseen_family__random_geometric__small__idx0000__seed502026,random_geometric,small,16,102,0.49668390879915825,0.5636929722841073,0.06700906348494906,large_increase_k | large_increase_k | large_increase_k | large_increase_k | large_increase_k
test_unseen_family,ppo,test_unseen_family__random_geometric__small__idx0000__seed502026,random_geometric,small,16,102,0.49668390879915825,0.5733264693296003,0.07664256053044205,reset_cooling_rate_to_default | no_change | no_change | no_change | no_change
test_unseen_family,no_change,test_unseen_family__random_geometric__small__idx0001__seed502027,random_geometric,small,11,45,0.46679780820783257,0.5993818268869795,0.13258401867914693,no_change | no_change | no_change | no_change | no_change
test_unseen_family,random,test_unseen_family__random_geometric__small__idx0001__seed502027,random_geometric,small,11,45,0.46679780820783257,0.605860326179162,0.1390625179713294,large_decrease_k | reset_cooling_rate_to_default | small_decrease_k | small_increase_k | large_increase_temperature
test_unseen_family,fixed::large_increase_k,test_unseen_family__random_geometric__small__idx0001__seed502027,random_geometric,small,11,45,0.46679780820783257,0.6176670576598005,0.1508692494519679,large_increase_k | large_increase_k | large_increase_k | large_increase_k | large_increase_k
test_unseen_family,ppo,test_unseen_family__random_geometric__small__idx0001__seed502027,random_geometric,small,11,45,0.46679780820783257,0.5993818268869795,0.13258401867914693,reset_cooling_rate_to_default | no_change | no_change | no_change | no_change
test_unseen_family,no_change,test_unseen_family__random_geometric__small__idx0002__seed502028,random_geometric,small,10,44,0.4804732860355179,0.6010329831527768,0.12055969711725883,no_change | no_change | no_change | no_change | no_change
test_unseen_family,random,test_unseen_family__random_geometric__small__idx0002__seed502028,random_geometric,small,10,44,0.4804732860355179,0.5911430035434451,0.11066971750792715,large_increase_temperature | large_increase_k | cool_down_layout | small_decrease_k | reheat_layout
test_unseen_family,fixed::large_increase_k,test_unseen_family__random_geometric__small__idx0002__seed502028,random_geometric,small,10,44,0.4804732860355179,0.5957125620756994,0.11523927604018153,large_increase_k | large_increase_k | large_increase_k | large_increase_k | large_increase_k
test_unseen_family,ppo,test_unseen_family__random_geometric__small__idx0002__seed502028,random_geometric,small,10,44,0.4804732860355179,0.6010329831527768,0.12055969711725883,reset_cooling_rate_to_default | no_change | no_change | no_change | no_change
