seed,split,rank,action_name,count,percentage
2026,val,1,large_increase_k,69,46.0
2026,val,2,reset_cooling_rate_to_default,20,13.333333333333334
2026,val,3,no_change,18,12.0
2026,val,4,large_decrease_k,16,10.666666666666666
2026,val,5,reheat_layout,16,10.666666666666666
2026,val,6,reset_k_to_default,11,7.333333333333333
2026,val,7,small_increase_k,0,0.0
2026,val,8,small_decrease_k,0,0.0
2026,val,9,small_increase_temperature,0,0.0
2026,val,10,small_decrease_temperature,0,0.0
2026,val,11,large_increase_temperature,0,0.0
2026,val,12,large_decrease_temperature,0,0.0
2026,val,13,small_increase_cooling_rate,0,0.0
2026,val,14,small_decrease_cooling_rate,0,0.0
2026,val,15,large_increase_cooling_rate,0,0.0
2026,val,16,large_decrease_cooling_rate,0,0.0
2026,val,17,reset_temperature_to_default,0,0.0
2026,val,18,expand_and_explore,0,0.0
2026,val,19,expand_and_stabilize,0,0.0
2026,val,20,compress_and_stabilize,0,0.0
2026,val,21,cool_down_layout,0,0.0
2026,test_seen,1,large_increase_k,66,44.0
2026,test_seen,2,reset_cooling_rate_to_default,19,12.666666666666666
2026,test_seen,3,no_change,18,12.0
2026,test_seen,4,large_decrease_k,18,12.0
2026,test_seen,5,reset_k_to_default,17,11.333333333333334
2026,test_seen,6,reheat_layout,12,8.0
2026,test_seen,7,small_increase_k,0,0.0
2026,test_seen,8,small_decrease_k,0,0.0
2026,test_seen,9,small_increase_temperature,0,0.0
2026,test_seen,10,small_decrease_temperature,0,0.0
2026,test_seen,11,large_increase_temperature,0,0.0
2026,test_seen,12,large_decrease_temperature,0,0.0
2026,test_seen,13,small_increase_cooling_rate,0,0.0
2026,test_seen,14,small_decrease_cooling_rate,0,0.0
2026,test_seen,15,large_increase_cooling_rate,0,0.0
2026,test_seen,16,large_decrease_cooling_rate,0,0.0
2026,test_seen,17,reset_temperature_to_default,0,0.0
2026,test_seen,18,expand_and_explore,0,0.0
2026,test_seen,19,expand_and_stabilize,0,0.0
2026,test_seen,20,compress_and_stabilize,0,0.0
2026,test_seen,21,cool_down_layout,0,0.0
2026,test_unseen_size,1,large_increase_k,76,50.666666666666664
2026,test_unseen_size,2,reset_cooling_rate_to_default,20,13.333333333333334
2026,test_unseen_size,3,reheat_layout,19,12.666666666666666
2026,test_unseen_size,4,large_decrease_k,18,12.0
2026,test_unseen_size,5,reset_k_to_default,12,8.0
2026,test_unseen_size,6,no_change,5,3.3333333333333335
2026,test_unseen_size,7,small_increase_k,0,0.0
2026,test_unseen_size,8,small_decrease_k,0,0.0
2026,test_unseen_size,9,small_increase_temperature,0,0.0
2026,test_unseen_size,10,small_decrease_temperature,0,0.0
2026,test_unseen_size,11,large_increase_temperature,0,0.0
2026,test_unseen_size,12,large_decrease_temperature,0,0.0
2026,test_unseen_size,13,small_increase_cooling_rate,0,0.0
2026,test_unseen_size,14,small_decrease_cooling_rate,0,0.0
2026,test_unseen_size,15,large_increase_cooling_rate,0,0.0
2026,test_unseen_size,16,large_decrease_cooling_rate,0,0.0
2026,test_unseen_size,17,reset_temperature_to_default,0,0.0
2026,test_unseen_size,18,expand_and_explore,0,0.0
2026,test_unseen_size,19,expand_and_stabilize,0,0.0
2026,test_unseen_size,20,compress_and_stabilize,0,0.0
2026,test_unseen_size,21,cool_down_layout,0,0.0
2026,test_unseen_family,1,no_change,60,40.0
2026,test_unseen_family,2,large_increase_k,55,36.666666666666664
2026,test_unseen_family,3,reset_cooling_rate_to_default,30,20.0
2026,test_unseen_family,4,large_decrease_k,2,1.3333333333333333
2026,test_unseen_family,5,reheat_layout,2,1.3333333333333333
2026,test_unseen_family,6,reset_k_to_default,1,0.6666666666666666
2026,test_unseen_family,7,small_increase_k,0,0.0
2026,test_unseen_family,8,small_decrease_k,0,0.0
2026,test_unseen_family,9,small_increase_temperature,0,0.0
2026,test_unseen_family,10,small_decrease_temperature,0,0.0
2026,test_unseen_family,11,large_increase_temperature,0,0.0
2026,test_unseen_family,12,large_decrease_temperature,0,0.0
2026,test_unseen_family,13,small_increase_cooling_rate,0,0.0
2026,test_unseen_family,14,small_decrease_cooling_rate,0,0.0
2026,test_unseen_family,15,large_increase_cooling_rate,0,0.0
2026,test_unseen_family,16,large_decrease_cooling_rate,0,0.0
2026,test_unseen_family,17,reset_temperature_to_default,0,0.0
2026,test_unseen_family,18,expand_and_explore,0,0.0
2026,test_unseen_family,19,expand_and_stabilize,0,0.0
2026,test_unseen_family,20,compress_and_stabilize,0,0.0
2026,test_unseen_family,21,cool_down_layout,0,0.0
2027,val,1,large_increase_k,57,38.0
2027,val,2,small_decrease_k,31,20.666666666666668
2027,val,3,reset_temperature_to_default,20,13.333333333333334
2027,val,4,reset_cooling_rate_to_default,17,11.333333333333334
2027,val,5,large_decrease_k,8,5.333333333333333
2027,val,6,cool_down_layout,7,4.666666666666667
2027,val,7,large_decrease_temperature,4,2.6666666666666665
2027,val,8,no_change,3,2.0
2027,val,9,expand_and_stabilize,3,2.0
2027,val,10,small_increase_k,0,0.0
2027,val,11,small_increase_temperature,0,0.0
2027,val,12,small_decrease_temperature,0,0.0
2027,val,13,large_increase_temperature,0,0.0
2027,val,14,small_increase_cooling_rate,0,0.0
2027,val,15,small_decrease_cooling_rate,0,0.0
2027,val,16,large_increase_cooling_rate,0,0.0
2027,val,17,large_decrease_cooling_rate,0,0.0
2027,val,18,reset_k_to_default,0,0.0
2027,val,19,expand_and_explore,0,0.0
2027,val,20,compress_and_stabilize,0,0.0
2027,val,21,reheat_layout,0,0.0
2027,test_seen,1,large_increase_k,61,40.666666666666664
2027,test_seen,2,small_decrease_k,33,22.0
2027,test_seen,3,reset_temperature_to_default,17,11.333333333333334
2027,test_seen,4,reset_cooling_rate_to_default,13,8.666666666666666
2027,test_seen,5,cool_down_layout,10,6.666666666666667
2027,test_seen,6,large_decrease_k,8,5.333333333333333
2027,test_seen,7,large_decrease_temperature,5,3.3333333333333335
2027,test_seen,8,expand_and_stabilize,2,1.3333333333333333
2027,test_seen,9,no_change,1,0.6666666666666666
2027,test_seen,10,small_increase_k,0,0.0
2027,test_seen,11,small_increase_temperature,0,0.0
2027,test_seen,12,small_decrease_temperature,0,0.0
2027,test_seen,13,large_increase_temperature,0,0.0
2027,test_seen,14,small_increase_cooling_rate,0,0.0
2027,test_seen,15,small_decrease_cooling_rate,0,0.0
2027,test_seen,16,large_increase_cooling_rate,0,0.0
2027,test_seen,17,large_decrease_cooling_rate,0,0.0
2027,test_seen,18,reset_k_to_default,0,0.0
2027,test_seen,19,expand_and_explore,0,0.0
2027,test_seen,20,compress_and_stabilize,0,0.0
2027,test_seen,21,reheat_layout,0,0.0
2027,test_unseen_size,1,large_increase_k,64,42.666666666666664
2027,test_unseen_size,2,small_decrease_k,34,22.666666666666668
2027,test_unseen_size,3,reset_cooling_rate_to_default,19,12.666666666666666
2027,test_unseen_size,4,large_decrease_k,13,8.666666666666666
2027,test_unseen_size,5,reset_temperature_to_default,12,8.0
2027,test_unseen_size,6,large_decrease_temperature,8,5.333333333333333
2027,test_unseen_size,7,no_change,0,0.0
2027,test_unseen_size,8,small_increase_k,0,0.0
2027,test_unseen_size,9,small_increase_temperature,0,0.0
2027,test_unseen_size,10,small_decrease_temperature,0,0.0
2027,test_unseen_size,11,large_increase_temperature,0,0.0
2027,test_unseen_size,12,small_increase_cooling_rate,0,0.0
2027,test_unseen_size,13,small_decrease_cooling_rate,0,0.0
2027,test_unseen_size,14,large_increase_cooling_rate,0,0.0
2027,test_unseen_size,15,large_decrease_cooling_rate,0,0.0
2027,test_unseen_size,16,reset_k_to_default,0,0.0
2027,test_unseen_size,17,expand_and_explore,0,0.0
2027,test_unseen_size,18,expand_and_stabilize,0,0.0
2027,test_unseen_size,19,compress_and_stabilize,0,0.0
2027,test_unseen_size,20,reheat_layout,0,0.0
2027,test_unseen_size,21,cool_down_layout,0,0.0
2027,test_unseen_family,1,small_decrease_k,55,36.666666666666664
2027,test_unseen_family,2,large_increase_k,54,36.0
2027,test_unseen_family,3,reset_cooling_rate_to_default,35,23.333333333333332
2027,test_unseen_family,4,reset_temperature_to_default,3,2.0
2027,test_unseen_family,5,large_decrease_k,2,1.3333333333333333
2027,test_unseen_family,6,expand_and_stabilize,1,0.6666666666666666
2027,test_unseen_family,7,no_change,0,0.0
2027,test_unseen_family,8,small_increase_k,0,0.0
2027,test_unseen_family,9,small_increase_temperature,0,0.0
2027,test_unseen_family,10,small_decrease_temperature,0,0.0
2027,test_unseen_family,11,large_increase_temperature,0,0.0
2027,test_unseen_family,12,large_decrease_temperature,0,0.0
2027,test_unseen_family,13,small_increase_cooling_rate,0,0.0
2027,test_unseen_family,14,small_decrease_cooling_rate,0,0.0
2027,test_unseen_family,15,large_increase_cooling_rate,0,0.0
2027,test_unseen_family,16,large_decrease_cooling_rate,0,0.0
2027,test_unseen_family,17,reset_k_to_default,0,0.0
2027,test_unseen_family,18,expand_and_explore,0,0.0
2027,test_unseen_family,19,compress_and_stabilize,0,0.0
2027,test_unseen_family,20,reheat_layout,0,0.0
2027,test_unseen_family,21,cool_down_layout,0,0.0
2028,val,1,large_increase_k,54,36.0
2028,val,2,no_change,45,30.0
2028,val,3,reset_temperature_to_default,17,11.333333333333334
2028,val,4,small_increase_cooling_rate,14,9.333333333333334
2028,val,5,large_decrease_cooling_rate,8,5.333333333333333
2028,val,6,small_increase_temperature,4,2.6666666666666665
2028,val,7,compress_and_stabilize,3,2.0
2028,val,8,reheat_layout,2,1.3333333333333333
2028,val,9,small_decrease_k,1,0.6666666666666666
2028,val,10,large_increase_cooling_rate,1,0.6666666666666666
2028,val,11,expand_and_explore,1,0.6666666666666666
2028,val,12,small_increase_k,0,0.0
2028,val,13,large_decrease_k,0,0.0
2028,val,14,small_decrease_temperature,0,0.0
2028,val,15,large_increase_temperature,0,0.0
2028,val,16,large_decrease_temperature,0,0.0
2028,val,17,small_decrease_cooling_rate,0,0.0
2028,val,18,reset_k_to_default,0,0.0
2028,val,19,reset_cooling_rate_to_default,0,0.0
2028,val,20,expand_and_stabilize,0,0.0
2028,val,21,cool_down_layout,0,0.0
2028,test_seen,1,large_increase_k,53,35.333333333333336
2028,test_seen,2,no_change,44,29.333333333333332
2028,test_seen,3,reset_temperature_to_default,18,12.0
2028,test_seen,4,small_increase_cooling_rate,16,10.666666666666666
2028,test_seen,5,large_decrease_cooling_rate,10,6.666666666666667
2028,test_seen,6,small_increase_temperature,2,1.3333333333333333
2028,test_seen,7,expand_and_explore,2,1.3333333333333333
2028,test_seen,8,compress_and_stabilize,2,1.3333333333333333
2028,test_seen,9,small_decrease_k,1,0.6666666666666666
2028,test_seen,10,large_increase_cooling_rate,1,0.6666666666666666
2028,test_seen,11,reheat_layout,1,0.6666666666666666
2028,test_seen,12,small_increase_k,0,0.0
2028,test_seen,13,large_decrease_k,0,0.0
2028,test_seen,14,small_decrease_temperature,0,0.0
2028,test_seen,15,large_increase_temperature,0,0.0
2028,test_seen,16,large_decrease_temperature,0,0.0
2028,test_seen,17,small_decrease_cooling_rate,0,0.0
2028,test_seen,18,reset_k_to_default,0,0.0
2028,test_seen,19,reset_cooling_rate_to_default,0,0.0
2028,test_seen,20,expand_and_stabilize,0,0.0
2028,test_seen,21,cool_down_layout,0,0.0
2028,test_unseen_size,1,large_increase_k,70,46.666666666666664
2028,test_unseen_size,2,no_change,38,25.333333333333332
2028,test_unseen_size,3,reset_temperature_to_default,20,13.333333333333334
2028,test_unseen_size,4,large_decrease_cooling_rate,11,7.333333333333333
2028,test_unseen_size,5,small_decrease_k,5,3.3333333333333335
2028,test_unseen_size,6,small_increase_cooling_rate,4,2.6666666666666665
2028,test_unseen_size,7,small_increase_temperature,2,1.3333333333333333
2028,test_unseen_size,8,small_increase_k,0,0.0
2028,test_unseen_size,9,large_decrease_k,0,0.0
2028,test_unseen_size,10,small_decrease_temperature,0,0.0
2028,test_unseen_size,11,large_increase_temperature,0,0.0
2028,test_unseen_size,12,large_decrease_temperature,0,0.0
2028,test_unseen_size,13,small_decrease_cooling_rate,0,0.0
2028,test_unseen_size,14,large_increase_cooling_rate,0,0.0
2028,test_unseen_size,15,reset_k_to_default,0,0.0
2028,test_unseen_size,16,reset_cooling_rate_to_default,0,0.0
2028,test_unseen_size,17,expand_and_explore,0,0.0
2028,test_unseen_size,18,expand_and_stabilize,0,0.0
2028,test_unseen_size,19,compress_and_stabilize,0,0.0
2028,test_unseen_size,20,reheat_layout,0,0.0
2028,test_unseen_size,21,cool_down_layout,0,0.0
2028,test_unseen_family,1,no_change,81,54.0
2028,test_unseen_family,2,large_increase_k,44,29.333333333333332
2028,test_unseen_family,3,small_increase_cooling_rate,21,14.0
2028,test_unseen_family,4,reset_temperature_to_default,4,2.6666666666666665
2028,test_unseen_family,5,small_increase_k,0,0.0
2028,test_unseen_family,6,small_decrease_k,0,0.0
2028,test_unseen_family,7,large_decrease_k,0,0.0
2028,test_unseen_family,8,small_increase_temperature,0,0.0
2028,test_unseen_family,9,small_decrease_temperature,0,0.0
2028,test_unseen_family,10,large_increase_temperature,0,0.0
2028,test_unseen_family,11,large_decrease_temperature,0,0.0
2028,test_unseen_family,12,small_decrease_cooling_rate,0,0.0
2028,test_unseen_family,13,large_increase_cooling_rate,0,0.0
2028,test_unseen_family,14,large_decrease_cooling_rate,0,0.0
2028,test_unseen_family,15,reset_k_to_default,0,0.0
2028,test_unseen_family,16,reset_cooling_rate_to_default,0,0.0
2028,test_unseen_family,17,expand_and_explore,0,0.0
2028,test_unseen_family,18,expand_and_stabilize,0,0.0
2028,test_unseen_family,19,compress_and_stabilize,0,0.0
2028,test_unseen_family,20,reheat_layout,0,0.0
2028,test_unseen_family,21,cool_down_layout,0,0.0
2029,val,1,large_increase_k,60,40.0
2029,val,2,no_change,42,28.0
2029,val,3,expand_and_explore,11,7.333333333333333
2029,val,4,reset_temperature_to_default,10,6.666666666666667
2029,val,5,cool_down_layout,9,6.0
2029,val,6,reset_cooling_rate_to_default,7,4.666666666666667
2029,val,7,reheat_layout,7,4.666666666666667
2029,val,8,compress_and_stabilize,4,2.6666666666666665
2029,val,9,small_increase_k,0,0.0
2029,val,10,small_decrease_k,0,0.0
2029,val,11,large_decrease_k,0,0.0
2029,val,12,small_increase_temperature,0,0.0
2029,val,13,small_decrease_temperature,0,0.0
2029,val,14,large_increase_temperature,0,0.0
2029,val,15,large_decrease_temperature,0,0.0
2029,val,16,small_increase_cooling_rate,0,0.0
2029,val,17,small_decrease_cooling_rate,0,0.0
2029,val,18,large_increase_cooling_rate,0,0.0
2029,val,19,large_decrease_cooling_rate,0,0.0
2029,val,20,reset_k_to_default,0,0.0
2029,val,21,expand_and_stabilize,0,0.0
2029,test_seen,1,large_increase_k,63,42.0
2029,test_seen,2,no_change,39,26.0
2029,test_seen,3,expand_and_explore,12,8.0
2029,test_seen,4,reset_temperature_to_default,11,7.333333333333333
2029,test_seen,5,reset_cooling_rate_to_default,9,6.0
2029,test_seen,6,cool_down_layout,9,6.0
2029,test_seen,7,compress_and_stabilize,4,2.6666666666666665
2029,test_seen,8,reheat_layout,3,2.0
2029,test_seen,9,small_increase_k,0,0.0
2029,test_seen,10,small_decrease_k,0,0.0
2029,test_seen,11,large_decrease_k,0,0.0
2029,test_seen,12,small_increase_temperature,0,0.0
2029,test_seen,13,small_decrease_temperature,0,0.0
2029,test_seen,14,large_increase_temperature,0,0.0
2029,test_seen,15,large_decrease_temperature,0,0.0
2029,test_seen,16,small_increase_cooling_rate,0,0.0
2029,test_seen,17,small_decrease_cooling_rate,0,0.0
2029,test_seen,18,large_increase_cooling_rate,0,0.0
2029,test_seen,19,large_decrease_cooling_rate,0,0.0
2029,test_seen,20,reset_k_to_default,0,0.0
2029,test_seen,21,expand_and_stabilize,0,0.0
2029,test_unseen_size,1,large_increase_k,59,39.333333333333336
2029,test_unseen_size,2,no_change,33,22.0
2029,test_unseen_size,3,reset_cooling_rate_to_default,21,14.0
2029,test_unseen_size,4,expand_and_explore,11,7.333333333333333
2029,test_unseen_size,5,cool_down_layout,10,6.666666666666667
2029,test_unseen_size,6,reset_temperature_to_default,9,6.0
2029,test_unseen_size,7,large_increase_temperature,3,2.0
2029,test_unseen_size,8,reheat_layout,3,2.0
2029,test_unseen_size,9,compress_and_stabilize,1,0.6666666666666666
2029,test_unseen_size,10,small_increase_k,0,0.0
2029,test_unseen_size,11,small_decrease_k,0,0.0
2029,test_unseen_size,12,large_decrease_k,0,0.0
2029,test_unseen_size,13,small_increase_temperature,0,0.0
2029,test_unseen_size,14,small_decrease_temperature,0,0.0
2029,test_unseen_size,15,large_decrease_temperature,0,0.0
2029,test_unseen_size,16,small_increase_cooling_rate,0,0.0
2029,test_unseen_size,17,small_decrease_cooling_rate,0,0.0
2029,test_unseen_size,18,large_increase_cooling_rate,0,0.0
2029,test_unseen_size,19,large_decrease_cooling_rate,0,0.0
2029,test_unseen_size,20,reset_k_to_default,0,0.0
2029,test_unseen_size,21,expand_and_stabilize,0,0.0
2029,test_unseen_family,1,no_change,77,51.333333333333336
2029,test_unseen_family,2,large_increase_k,61,40.666666666666664
2029,test_unseen_family,3,reset_cooling_rate_to_default,4,2.6666666666666665
2029,test_unseen_family,4,expand_and_explore,4,2.6666666666666665
2029,test_unseen_family,5,reheat_layout,3,2.0
2029,test_unseen_family,6,compress_and_stabilize,1,0.6666666666666666
2029,test_unseen_family,7,small_increase_k,0,0.0
2029,test_unseen_family,8,small_decrease_k,0,0.0
2029,test_unseen_family,9,large_decrease_k,0,0.0
2029,test_unseen_family,10,small_increase_temperature,0,0.0
2029,test_unseen_family,11,small_decrease_temperature,0,0.0
2029,test_unseen_family,12,large_increase_temperature,0,0.0
2029,test_unseen_family,13,large_decrease_temperature,0,0.0
2029,test_unseen_family,14,small_increase_cooling_rate,0,0.0
2029,test_unseen_family,15,small_decrease_cooling_rate,0,0.0
2029,test_unseen_family,16,large_increase_cooling_rate,0,0.0
2029,test_unseen_family,17,large_decrease_cooling_rate,0,0.0
2029,test_unseen_family,18,reset_k_to_default,0,0.0
2029,test_unseen_family,19,reset_temperature_to_default,0,0.0
2029,test_unseen_family,20,expand_and_stabilize,0,0.0
2029,test_unseen_family,21,cool_down_layout,0,0.0
2030,val,1,large_increase_k,72,48.0
2030,val,2,reset_cooling_rate_to_default,35,23.333333333333332
2030,val,3,reset_temperature_to_default,19,12.666666666666666
2030,val,4,large_decrease_temperature,7,4.666666666666667
2030,val,5,reset_k_to_default,7,4.666666666666667
2030,val,6,no_change,3,2.0
2030,val,7,large_decrease_cooling_rate,3,2.0
2030,val,8,cool_down_layout,3,2.0
2030,val,9,reheat_layout,1,0.6666666666666666
2030,val,10,small_increase_k,0,0.0
2030,val,11,small_decrease_k,0,0.0
2030,val,12,large_decrease_k,0,0.0
2030,val,13,small_increase_temperature,0,0.0
2030,val,14,small_decrease_temperature,0,0.0
2030,val,15,large_increase_temperature,0,0.0
2030,val,16,small_increase_cooling_rate,0,0.0
2030,val,17,small_decrease_cooling_rate,0,0.0
2030,val,18,large_increase_cooling_rate,0,0.0
2030,val,19,expand_and_explore,0,0.0
2030,val,20,expand_and_stabilize,0,0.0
2030,val,21,compress_and_stabilize,0,0.0
2030,test_seen,1,large_increase_k,71,47.333333333333336
2030,test_seen,2,reset_cooling_rate_to_default,35,23.333333333333332
2030,test_seen,3,reset_temperature_to_default,16,10.666666666666666
2030,test_seen,4,reset_k_to_default,9,6.0
2030,test_seen,5,large_decrease_temperature,8,5.333333333333333
2030,test_seen,6,no_change,5,3.3333333333333335
2030,test_seen,7,large_decrease_cooling_rate,4,2.6666666666666665
2030,test_seen,8,cool_down_layout,2,1.3333333333333333
2030,test_seen,9,small_increase_k,0,0.0
2030,test_seen,10,small_decrease_k,0,0.0
2030,test_seen,11,large_decrease_k,0,0.0
2030,test_seen,12,small_increase_temperature,0,0.0
2030,test_seen,13,small_decrease_temperature,0,0.0
2030,test_seen,14,large_increase_temperature,0,0.0
2030,test_seen,15,small_increase_cooling_rate,0,0.0
2030,test_seen,16,small_decrease_cooling_rate,0,0.0
2030,test_seen,17,large_increase_cooling_rate,0,0.0
2030,test_seen,18,expand_and_explore,0,0.0
2030,test_seen,19,expand_and_stabilize,0,0.0
2030,test_seen,20,compress_and_stabilize,0,0.0
2030,test_seen,21,reheat_layout,0,0.0
2030,test_unseen_size,1,large_increase_k,97,64.66666666666667
2030,test_unseen_size,2,reset_cooling_rate_to_default,19,12.666666666666666
2030,test_unseen_size,3,reset_temperature_to_default,16,10.666666666666666
2030,test_unseen_size,4,large_decrease_cooling_rate,8,5.333333333333333
2030,test_unseen_size,5,large_decrease_temperature,5,3.3333333333333335
2030,test_unseen_size,6,no_change,2,1.3333333333333333
2030,test_unseen_size,7,reset_k_to_default,2,1.3333333333333333
2030,test_unseen_size,8,large_decrease_k,1,0.6666666666666666
2030,test_unseen_size,9,small_increase_k,0,0.0
2030,test_unseen_size,10,small_decrease_k,0,0.0
2030,test_unseen_size,11,small_increase_temperature,0,0.0
2030,test_unseen_size,12,small_decrease_temperature,0,0.0
2030,test_unseen_size,13,large_increase_temperature,0,0.0
2030,test_unseen_size,14,small_increase_cooling_rate,0,0.0
2030,test_unseen_size,15,small_decrease_cooling_rate,0,0.0
2030,test_unseen_size,16,large_increase_cooling_rate,0,0.0
2030,test_unseen_size,17,expand_and_explore,0,0.0
2030,test_unseen_size,18,expand_and_stabilize,0,0.0
2030,test_unseen_size,19,compress_and_stabilize,0,0.0
2030,test_unseen_size,20,reheat_layout,0,0.0
2030,test_unseen_size,21,cool_down_layout,0,0.0
2030,test_unseen_family,1,reset_cooling_rate_to_default,75,50.0
2030,test_unseen_family,2,large_increase_k,65,43.333333333333336
2030,test_unseen_family,3,reset_temperature_to_default,4,2.6666666666666665
2030,test_unseen_family,4,no_change,3,2.0
2030,test_unseen_family,5,reset_k_to_default,2,1.3333333333333333
2030,test_unseen_family,6,large_decrease_temperature,1,0.6666666666666666
2030,test_unseen_family,7,small_increase_k,0,0.0
2030,test_unseen_family,8,small_decrease_k,0,0.0
2030,test_unseen_family,9,large_decrease_k,0,0.0
2030,test_unseen_family,10,small_increase_temperature,0,0.0
2030,test_unseen_family,11,small_decrease_temperature,0,0.0
2030,test_unseen_family,12,large_increase_temperature,0,0.0
2030,test_unseen_family,13,small_increase_cooling_rate,0,0.0
2030,test_unseen_family,14,small_decrease_cooling_rate,0,0.0
2030,test_unseen_family,15,large_increase_cooling_rate,0,0.0
2030,test_unseen_family,16,large_decrease_cooling_rate,0,0.0
2030,test_unseen_family,17,expand_and_explore,0,0.0
2030,test_unseen_family,18,expand_and_stabilize,0,0.0
2030,test_unseen_family,19,compress_and_stabilize,0,0.0
2030,test_unseen_family,20,reheat_layout,0,0.0
2030,test_unseen_family,21,cool_down_layout,0,0.0
