split,policy,num_seeds,mean_initial_layout_score,std_initial_layout_score,mean_final_layout_score,std_final_layout_score,mean_layout_score_improvement,std_layout_score_improvement,mean_total_reward,std_total_reward,mean_episode_length,std_episode_length
test_seen,fixed::compress_and_stabilize,5,0.5136155059124727,0.002621035097094957,0.6801205859376493,0.003681045176208313,0.1665050800251764,0.00558113141812784,0.22583657127287413,0.006039191477991114,5.0,0.0
test_seen,fixed::cool_down_layout,5,0.5136155059124727,0.002621035097094957,0.6713538188312695,0.0037759761654977955,0.15773831291879675,0.0035553144429578193,0.2168736948019237,0.0038452157194856056,5.0,0.0
test_seen,fixed::expand_and_explore,5,0.5136155059124727,0.002621035097094957,0.6879458973216968,0.002174456073156988,0.17433039140922413,0.003855284065062759,0.21912043660350594,0.004829785530822409,5.0,0.0
test_seen,fixed::expand_and_stabilize,5,0.5136155059124727,0.002621035097094957,0.6823695662738732,0.0026959086713607477,0.1687540603614004,0.0038671006788826173,0.2238614023073559,0.0039567180370402915,5.0,0.0
test_seen,fixed::large_decrease_cooling_rate,5,0.5136155059124727,0.002621035097094957,0.673883034870033,0.004844758972889913,0.16026752895756016,0.006133674366914324,0.21964819058647103,0.006575194552490114,5.0,0.0
test_seen,fixed::large_decrease_k,5,0.5136155059124727,0.002621035097094957,0.6671467504522686,0.004555693614739485,0.15353124453979575,0.005133360898914157,0.2122459195850226,0.00553014727711494,5.0,0.0
test_seen,fixed::large_decrease_temperature,5,0.5136155059124727,0.002621035097094957,0.6786641003896701,0.004249966008985863,0.16504859447719736,0.00548722832248818,0.2245363024784363,0.005656923182164113,5.0,0.0
test_seen,fixed::large_increase_cooling_rate,5,0.5136155059124727,0.002621035097094957,0.6722039092258856,0.001156231231734007,0.15858840331341278,0.0030405092853202378,0.21079440906033872,0.002885619433039624,5.0,0.0
test_seen,fixed::large_increase_k,5,0.5136155059124727,0.002621035097094957,0.6874240293087192,0.0018511929031587596,0.17380852339624628,0.0009472448587681556,0.21881039221096402,0.0015837086120539868,5.0,0.0
test_seen,fixed::large_increase_temperature,5,0.5136155059124727,0.002621035097094957,0.6845717630507426,0.004078501377197036,0.17095625713826984,0.005383482811205478,0.22163649618076317,0.006701350687179283,5.0,0.0
test_seen,fixed::no_change,5,0.5136155059124727,0.002621035097094957,0.6854411921607516,0.0043843549733767395,0.17182568624827874,0.005573902314140713,0.23251549429241464,0.006433783400564468,5.0,0.0
test_seen,fixed::reheat_layout,5,0.5136155059124727,0.002621035097094957,0.6804659556252196,0.0035002154149846236,0.16685044971274682,0.0036878256454133764,0.21590777834657437,0.0034123218787408395,5.0,0.0
test_seen,fixed::reset_cooling_rate_to_default,5,0.5136155059124727,0.002621035097094957,0.6854411921607516,0.0043843549733767395,0.17182568624827874,0.005573902314140713,0.23251549429241464,0.006433783400564468,5.0,0.0
test_seen,fixed::reset_k_to_default,5,0.5136155059124727,0.002621035097094957,0.6854411921607516,0.0043843549733767395,0.17182568624827874,0.005573902314140713,0.23251549429241464,0.006433783400564468,5.0,0.0
test_seen,fixed::reset_temperature_to_default,5,0.5136155059124727,0.002621035097094957,0.6869083642174195,0.0020862862273206403,0.17329285830494667,0.0012005893178953337,0.222566919239742,0.001043067635080607,5.0,0.0
test_seen,fixed::small_decrease_cooling_rate,5,0.5136155059124727,0.002621035097094957,0.6790972370572447,0.003913473237502307,0.16548173114477183,0.005557676440683857,0.22404640069744497,0.005980130784265669,5.0,0.0
test_seen,fixed::small_decrease_k,5,0.5136155059124727,0.002621035097094957,0.6813408810237698,0.004182936215416761,0.16772537511129698,0.004679527903830693,0.22571147046387646,0.005605070191574531,5.0,0.0
test_seen,fixed::small_decrease_temperature,5,0.5136155059124727,0.002621035097094957,0.6831384648586074,0.0037637122603587,0.1695229589461346,0.005491433289341638,0.22650892771468953,0.00628332825827797,5.0,0.0
test_seen,fixed::small_increase_cooling_rate,5,0.5136155059124727,0.002621035097094957,0.6892585837544664,0.0022909890451602963,0.17564307784199357,0.003094564191995601,0.22615832682433107,0.0035312636931282074,5.0,0.0
test_seen,fixed::small_increase_k,5,0.5136155059124727,0.002621035097094957,0.6855269791166559,0.003526366693098627,0.17191147320418323,0.004708756013810077,0.2249569258303782,0.005427814876888114,5.0,0.0
test_seen,fixed::small_increase_temperature,5,0.5136155059124727,0.002621035097094957,0.6863183756949925,0.002414808100008561,0.17270286978251984,0.0040567079952357485,0.22721792785254694,0.004834141946462275,5.0,0.0
test_seen,ppo,5,0.5136155059124727,0.002621035097094957,0.699439365814265,0.004376186174049215,0.18582385990179212,0.005399321874113425,0.25159033790500146,0.005903714603899933,5.0,0.0
test_seen,random,5,0.5136155059124727,0.002621035097094957,0.6846649522811101,0.005071887470773796,0.17104944636863725,0.006179881344461046,0.22872696627085704,0.0077757209933460286,5.0,0.0
test_unseen_family,fixed::compress_and_stabilize,5,0.4829422651841847,0.003301880490958427,0.5876604536847821,0.0017814085325204866,0.1047181885005974,0.001762288426333777,0.1554842338690756,0.0016355613315503395,5.0,0.0
test_unseen_family,fixed::cool_down_layout,5,0.4829422651841847,0.003301880490958427,0.5841953970876969,0.002313959149492474,0.10125313190351207,0.004171643999406254,0.15167267161228173,0.0043175940418143325,5.0,0.0
test_unseen_family,fixed::expand_and_explore,5,0.4829422651841847,0.003301880490958427,0.5907795422983587,0.0019007231313610438,0.10783727711417401,0.0036385208655191695,0.15887226299548524,0.003681143358956578,5.0,0.0
test_unseen_family,fixed::expand_and_stabilize,5,0.4829422651841847,0.003301880490958427,0.5922943242690026,0.00189109527571656,0.10935205908481796,0.0028945569300506398,0.16058149151171822,0.0029188098385094507,5.0,0.0
test_unseen_family,fixed::large_decrease_cooling_rate,5,0.4829422651841847,0.003301880490958427,0.5851897558136806,0.0008531851571138974,0.10224749062949587,0.0031832964329797523,0.15276646621086395,0.0031837939727535234,5.0,0.0
test_unseen_family,fixed::large_decrease_k,5,0.4829422651841847,0.003301880490958427,0.5806308546769812,0.0012697374560989765,0.09768858949279638,0.0031939461126424297,0.14775167496049452,0.003210689197457294,5.0,0.0
test_unseen_family,fixed::large_decrease_temperature,5,0.4829422651841847,0.003301880490958427,0.5880150064815293,0.0016096678279652402,0.10507274129734463,0.002797969865786406,0.15587424194549754,0.00279397043398439,5.0,0.0
test_unseen_family,fixed::large_increase_cooling_rate,5,0.4829422651841847,0.003301880490958427,0.5664391100957837,0.0020738262941906154,0.08349684491159903,0.0031433997316034413,0.1351407559211774,0.003201858786249673,5.0,0.0
test_unseen_family,fixed::large_increase_k,5,0.4829422651841847,0.003301880490958427,0.5958904150060581,0.001141590356692556,0.11294814982187343,0.003016524068585661,0.16363798128228138,0.0027806568541858326,5.0,0.0
test_unseen_family,fixed::large_increase_temperature,5,0.4829422651841847,0.003301880490958427,0.5895661634348566,0.001571905749642188,0.10662389825067184,0.004173165433134529,0.1575805145941575,0.0042823354461456915,5.0,0.0
test_unseen_family,fixed::no_change,5,0.4829422651841847,0.003301880490958427,0.5899666183621759,0.0013538402221386712,0.1070243531779912,0.0029424865947097396,0.1630210150142088,0.0029386094988230363,5.0,0.0
test_unseen_family,fixed::reheat_layout,5,0.4829422651841847,0.003301880490958427,0.5741199374750993,0.0019605434523042474,0.09117767229091459,0.003474001827379789,0.14058966603842452,0.0035507923704105535,5.0,0.0
test_unseen_family,fixed::reset_cooling_rate_to_default,5,0.4829422651841847,0.003301880490958427,0.5899666183621759,0.0013538402221386712,0.1070243531779912,0.0029424865947097396,0.1630210150142088,0.0029386094988230363,5.0,0.0
test_unseen_family,fixed::reset_k_to_default,5,0.4829422651841847,0.003301880490958427,0.5899666183621759,0.0013538402221386712,0.1070243531779912,0.0029424865947097396,0.1630210150142088,0.0029386094988230363,5.0,0.0
test_unseen_family,fixed::reset_temperature_to_default,5,0.4829422651841847,0.003301880490958427,0.5816959857079897,0.0014473884210745391,0.09875372052380507,0.0035747698200013917,0.14992331909460405,0.0036327783267762945,5.0,0.0
test_unseen_family,fixed::small_decrease_cooling_rate,5,0.4829422651841847,0.003301880490958427,0.5886771344638614,0.0013617616818808397,0.10573486927967661,0.002629200381914911,0.15660258272606278,0.0025918537906365036,5.0,0.0
test_unseen_family,fixed::small_decrease_k,5,0.4829422651841847,0.003301880490958427,0.5885545688674294,0.001343742106105349,0.10561230368324477,0.004256170449993942,0.15646776056998773,0.0043628963802655124,5.0,0.0
test_unseen_family,fixed::small_decrease_temperature,5,0.4829422651841847,0.003301880490958427,0.5897237580392591,0.001557615255569077,0.10678149285507439,0.0031542143996431894,0.15775386865900032,0.003181290937722133,5.0,0.0
test_unseen_family,fixed::small_increase_cooling_rate,5,0.4829422651841847,0.003301880490958427,0.5882833494036958,0.0015049951722032376,0.10534108421951108,0.003984295624442469,0.15616941915988064,0.0040768839153339,5.0,0.0
test_unseen_family,fixed::small_increase_k,5,0.4829422651841847,0.003301880490958427,0.5898083897759123,0.0018453026572818373,0.10686612459172769,0.003223677828230313,0.15784696356931896,0.0032734741094524655,5.0,0.0
test_unseen_family,fixed::small_increase_temperature,5,0.4829422651841847,0.003301880490958427,0.5887763395263897,0.0006940313455435469,0.10583407434220493,0.0029739339990176284,0.15671170829484388,0.002948127378837761,5.0,0.0
test_unseen_family,ppo,5,0.4829422651841847,0.003301880490958427,0.5959983194992886,0.0005048778820826684,0.11305605431510402,0.0035634873313057755,0.16972921959836623,0.003435089864197247,5.0,0.0
test_unseen_family,random,5,0.4829422651841847,0.003301880490958427,0.5870360341264774,0.0007547858876216836,0.10409376894229272,0.0030125625476418497,0.15837070568827377,0.0030844636832680935,5.0,0.0
test_unseen_size,fixed::compress_and_stabilize,5,0.5020521905632993,0.001379139973799066,0.6452010445339835,0.0034429846117685074,0.14314885397068425,0.0036813412259870584,0.1940261858181184,0.004482877955585129,5.0,0.0
test_unseen_size,fixed::cool_down_layout,5,0.5020521905632993,0.001379139973799066,0.6388658597027115,0.002529517634234252,0.13681366913941212,0.0022532480162108107,0.1927002551096833,0.002469507464837883,5.0,0.0
test_unseen_size,fixed::expand_and_explore,5,0.5020521905632993,0.001379139973799066,0.6514620655424148,0.002770732580939398,0.1494098749791156,0.0025937030967910944,0.17068085800642627,0.004857304177754004,5.0,0.0
test_unseen_size,fixed::expand_and_stabilize,5,0.5020521905632993,0.001379139973799066,0.6491981308775772,0.0007674972679382811,0.1471459403142779,0.001265730186960521,0.18919820231925155,0.0015954429622602544,5.0,0.0
test_unseen_size,fixed::large_decrease_cooling_rate,5,0.5020521905632993,0.001379139973799066,0.6402029611235618,0.0016604704478707189,0.13815077056026231,0.0022169680388864285,0.19416333059455643,0.002344202340095403,5.0,0.0
test_unseen_size,fixed::large_decrease_k,5,0.5020521905632993,0.001379139973799066,0.6338517048114085,0.003038668355160687,0.13179951424810923,0.003473477466296051,0.1869012493587586,0.0038673831582535976,5.0,0.0
test_unseen_size,fixed::large_decrease_temperature,5,0.5020521905632993,0.001379139973799066,0.6443589347001358,0.0022267437860324134,0.1423067441368366,0.0025457927928083995,0.1959403137689994,0.0027328178042669168,5.0,0.0
test_unseen_size,fixed::large_increase_cooling_rate,5,0.5020521905632993,0.001379139973799066,0.6223236149786419,0.0006883832527761112,0.12027142441534262,0.0015434618935875146,0.13793249186177908,0.003739543933183405,5.0,0.0
test_unseen_size,fixed::large_increase_k,5,0.5020521905632993,0.001379139973799066,0.6520501637318612,0.0021058500004507014,0.14999797316856203,0.0016886360943142531,0.17618447335085782,0.0020671738507393534,5.0,0.0
test_unseen_size,fixed::large_increase_temperature,5,0.5020521905632993,0.001379139973799066,0.6481700956806211,0.0016512303497096185,0.14611790511732176,0.0021899414391976517,0.17103240123795987,0.0037301684194201296,5.0,0.0
test_unseen_size,fixed::no_change,5,0.5020521905632993,0.001379139973799066,0.6484249484001176,0.0009706635601304506,0.14637275783681827,0.0016161161727820954,0.1913950922997074,0.003087039095984509,5.0,0.0
test_unseen_size,fixed::reheat_layout,5,0.5020521905632993,0.001379139973799066,0.6268057829972964,0.0008631099101583258,0.1247535924339972,0.000750636401263521,0.13494975290826416,0.004310027077818953,5.0,0.0
test_unseen_size,fixed::reset_cooling_rate_to_default,5,0.5020521905632993,0.001379139973799066,0.6484249484001176,0.0009706635601304506,0.14637275783681827,0.0016161161727820954,0.1913950922997074,0.003087039095984509,5.0,0.0
test_unseen_size,fixed::reset_k_to_default,5,0.5020521905632993,0.001379139973799066,0.6484249484001176,0.0009706635601304506,0.14637275783681827,0.0016161161727820954,0.1913950922997074,0.003087039095984509,5.0,0.0
test_unseen_size,fixed::reset_temperature_to_default,5,0.5020521905632993,0.001379139973799066,0.6390411657430815,0.0017162359563510964,0.13698897517978215,0.002232423233262512,0.15034701556138982,0.004184504325972614,5.0,0.0
test_unseen_size,fixed::small_decrease_cooling_rate,5,0.5020521905632993,0.001379139973799066,0.6449411080917711,0.002182657579620422,0.1428889175284719,0.001976558171294784,0.19259056926280524,0.002634078608982645,5.0,0.0
test_unseen_size,fixed::small_decrease_k,5,0.5020521905632993,0.001379139973799066,0.6461518724010179,0.002577387999733815,0.14409968183771854,0.0029734409720487,0.18904604905290393,0.0037257440095795364,5.0,0.0
test_unseen_size,fixed::small_decrease_temperature,5,0.5020521905632993,0.001379139973799066,0.6476978466935416,0.003291664200144881,0.14564565613024227,0.0032757837757289372,0.18948845889631244,0.003972835287267826,5.0,0.0
test_unseen_size,fixed::small_increase_cooling_rate,5,0.5020521905632993,0.001379139973799066,0.6463783739341662,0.0021291329759924216,0.1443261833708669,0.001773268761938388,0.1655977381696089,0.002521794369680849,5.0,0.0
test_unseen_size,fixed::small_increase_k,5,0.5020521905632993,0.001379139973799066,0.6497169602062964,0.0027858574964188345,0.14766476964299707,0.002317441146182234,0.18340592846717627,0.0026685613972380747,5.0,0.0
test_unseen_size,fixed::small_increase_temperature,5,0.5020521905632993,0.001379139973799066,0.6489335918712104,0.002420252525355762,0.14688140130791102,0.002831136746773453,0.1834405603733374,0.0039662634131554545,5.0,0.0
test_unseen_size,ppo,5,0.5020521905632993,0.001379139973799066,0.6614240114431436,0.0013825148057645007,0.15937182087984422,0.0014589689162851328,0.2110089853388713,0.001533997697362208,5.0,0.0
test_unseen_size,random,5,0.5020521905632993,0.001379139973799066,0.6451254165601901,0.002894540769507189,0.14307322599689087,0.0029204471661916334,0.18368338204591575,0.0024933246793047703,5.0,0.0
val,fixed::compress_and_stabilize,5,0.5104955805056772,0.0042956878702989235,0.6805860755377963,0.002822062912270189,0.17009049503211898,0.004730598984526679,0.22888531614121616,0.004961022662024728,5.0,0.0
val,fixed::cool_down_layout,5,0.5104955805056772,0.0042956878702989235,0.6697116557464332,0.0026280879348480686,0.159216075240756,0.004459831060194521,0.21818724081539925,0.004559995838526851,5.0,0.0
val,fixed::expand_and_explore,5,0.5104955805056772,0.0042956878702989235,0.688183970435554,0.003576938192851826,0.17768838992987676,0.005677584250787237,0.22015090975599785,0.006257033059136022,5.0,0.0
val,fixed::expand_and_stabilize,5,0.5104955805056772,0.0042956878702989235,0.6830606548896888,0.0019151874475500908,0.17256507438401153,0.003844416328282598,0.22630677593403142,0.004992951962531239,5.0,0.0
val,fixed::large_decrease_cooling_rate,5,0.5104955805056772,0.0042956878702989235,0.6740522979209361,0.002325053927186765,0.16355671741525885,0.004527341041345202,0.22288743191289484,0.004620655629630064,5.0,0.0
val,fixed::large_decrease_k,5,0.5104955805056772,0.0042956878702989235,0.6704068095672204,0.003895758524758702,0.15991122906154306,0.004476053902250161,0.21893345173582812,0.004688624123373355,5.0,0.0
val,fixed::large_decrease_temperature,5,0.5104955805056772,0.0042956878702989235,0.6781826370448097,0.0023590927999849647,0.1676870565391325,0.004879380430041977,0.22652119334090903,0.0053573608692107245,5.0,0.0
val,fixed::large_increase_cooling_rate,5,0.5104955805056772,0.0042956878702989235,0.67210184504754,0.0012250793494178976,0.16160626454186272,0.003315166497336233,0.21032869514053193,0.0030568229209917,5.0,0.0
val,fixed::large_increase_k,5,0.5104955805056772,0.0042956878702989235,0.6856582180471019,0.0018880539087527597,0.17516263754142467,0.004176401748737721,0.21727314347200716,0.005978672198104364,5.0,0.0
val,fixed::large_increase_temperature,5,0.5104955805056772,0.0042956878702989235,0.6870697979258626,0.004805962272521671,0.17657421742018536,0.00550450329034449,0.22491969053052693,0.004999038688356491,5.0,0.0
val,fixed::no_change,5,0.5104955805056772,0.0042956878702989235,0.6826391358034204,0.004144506910276535,0.17214355529774322,0.006662293374533274,0.23107792545801162,0.007122816330894217,5.0,0.0
val,fixed::reheat_layout,5,0.5104955805056772,0.0042956878702989235,0.6795443169154629,0.0030641715185542513,0.16904873640978577,0.005239577123710655,0.21345902856447213,0.0063696692898943435,5.0,0.0
val,fixed::reset_cooling_rate_to_default,5,0.5104955805056772,0.0042956878702989235,0.6826391358034204,0.004144506910276535,0.17214355529774322,0.006662293374533274,0.23107792545801162,0.007122816330894217,5.0,0.0
val,fixed::reset_k_to_default,5,0.5104955805056772,0.0042956878702989235,0.6826391358034204,0.004144506910276535,0.17214355529774322,0.006662293374533274,0.23107792545801162,0.007122816330894217,5.0,0.0
val,fixed::reset_temperature_to_default,5,0.5104955805056772,0.0042956878702989235,0.6866977441019747,0.001891691259547681,0.1762021635962974,0.0035270967222289155,0.22138222592604814,0.0035566994147053286,5.0,0.0
val,fixed::small_decrease_cooling_rate,5,0.5104955805056772,0.0042956878702989235,0.6808264457996698,0.003378912769739003,0.17033086529399238,0.00611837284973529,0.22817988346561346,0.0071264782079168655,5.0,0.0
val,fixed::small_decrease_k,5,0.5104955805056772,0.0042956878702989235,0.6816684120216555,0.0039136538487272,0.17117283151597834,0.005940982749227447,0.2279089917969471,0.006126192628924118,5.0,0.0
val,fixed::small_decrease_temperature,5,0.5104955805056772,0.0042956878702989235,0.6813106746400189,0.0036029508486013174,0.17081509413434157,0.006194096769871237,0.2263893371607733,0.006610324763314351,5.0,0.0
val,fixed::small_increase_cooling_rate,5,0.5104955805056772,0.0042956878702989235,0.6878585763090876,0.0026360865231999644,0.17736299580341053,0.005817028382130362,0.22473347033752655,0.007098866190110232,5.0,0.0
val,fixed::small_increase_k,5,0.5104955805056772,0.0042956878702989235,0.6840170607058511,0.0027783319799366706,0.17352148020017386,0.0049588360202676976,0.2245652538369209,0.005357262191387119,5.0,0.0
val,fixed::small_increase_temperature,5,0.5104955805056772,0.0042956878702989235,0.6845986593163891,0.003467106994901801,0.1741030788107118,0.005700471506679969,0.2270127884668005,0.006040029948620867,5.0,0.0
val,ppo,5,0.5104955805056772,0.0042956878702989235,0.6971266998450151,0.0034393057876690785,0.1866311193393378,0.005994505241532601,0.2513331402981775,0.006187560864089337,5.0,0.0
val,random,5,0.5104955805056772,0.0042956878702989235,0.6828031184569772,0.002971441401449872,0.1723075379512998,0.0036810085920750794,0.22927422526628324,0.0024843561871943946,5.0,0.0
